0,1,0,0,0,0,0,0,0,0,0,0,0,0,0,0,0,0,0,0,0,0,0,0,0,0,0,0,0,0,0,0,0,0,0,0,0,0,0,0,0,0,0,0,0,0,0,0,0,0,0,1,0,0,0,0,0,0,0,0,0,0,0,0,0,0,0,0,0,0,0,0,0,0,0,0,0,0,0,0,0,0,0,0,0,0,0,0,0,0,0,0,0,0,0,0,0,0,0,0,0,1,0,0,0,0,0,0,0,0,0,0,0,0,0,0,0,0,0,0,0,0,0,0,0,0,0,0,0,0,0,0,0,0,0,0,0,0,0,0,0,0,0,0,0,0,0,0,0,0,0,1,0,0,0,0,0,0,0,0,0,0,0,0,0,0,0,0,0,0,0,0,0,0,0,0,0,0,0,0,0,0,0,0,0,0,0,0,0,0,0,0,0,0,0,0,0,0,0,0,0,0
1,0.47222222222222215,0.5277777777777778,0,0,0,0,0,0,0,0,0,0,0,0,0,0,0,0,0,0,0,0,0,0,0,0,0,0,0,0,0,0,0,0,0,0,0,0,0,0,0,0,0,0,0,0,0,0,0,0,0.736111111111111,0.2638888888888889,0,0,0,0,0,0,0,0,0,0,0,0,0,0,0,0,0,0,0,0,0,0,0,0,0,0,0,0,0,0,0,0,0,0,0,0,0,0,0,0,0,0,0,0,0,0,0,0,0.8680555555555557,0.13194444444444445,0,0,0,0,0,0,0,0,0,0,0,0,0,0,0,0,0,0,0,0,0,0,0,0,0,0,0,0,0,0,0,0,0,0,0,0,0,0,0,0,0,0,0,0,0,0,0,0,0.9230324074074074,0.07696759259259266,0,0,0,0,0,0,0,0,0,0,0,0,0,0,0,0,0,0,0,0,0,0,0,0,0,0,0,0,0,0,0,0,0,0,0,0,0,0,0,0,0,0,0,0,0,0,0,0,1
2,0.19444444444444442,0.27777777777777773,0.5277777777777778,0,0,0,0,0,0,0,0,0,0,0,0,0,0,0,0,0,0,0,0,0,0,0,0,0,0,0,0,0,0,0,0,0,0,0,0,0,0,0,0,0,0,0,0,0,0,0,0.43595679012345684,0.30015432098765427,0.2638888888888889,0,0,0,0,0,0,0,0,0,0,0,0,0,0,0,0,0,0,0,0,0,0,0,0,0,0,0,0,0,0,0,0,0,0,0,0,0,0,0,0,0,0,0,0,0,0,0,0.6520061728395059,0.21604938271604937,0.13194444444444445,0,0,0,0,0,0,0,0,0,0,0,0,0,0,0,0,0,0,0,0,0,0,0,0,0,0,0,0,0,0,0,0,0,0,0,0,0,0,0,0,0,0,0,0,0,0,0,0.7896733539094649,0.13335905349794244,0.07696759259259266,0,0,0,0,0,0,0,0,0,0,0,0,0,0,0,0,0,0,0,0,0,0,0,0,0,0,0,0,0,0,0,0,0,0,0,0,0,0,0,0,0,0,0,0,0,0,0,1.4142135623730951
3,0,0.19444444444444442,0.27777777777777773,0.5277777777777778,0,0,0,0,0,0,0,0,0,0,0,0,0,0,0,0,0,0,0,0,0,0,0,0,0,0,0,0,0,0,0,0,0,0,0,0,0,0,0,0,0,0,0,0,0,0,0.15123456790123457,0.28472222222222227,0.30015432098765427,0.2638888888888889,0,0,0,0,0,0,0,0,0,0,0,0,0,0,0,0,0,0,0,0,0,0,0,0,0,0,0,0,0,0,0,0,0,0,0,0,0,0,0,0,0,0,0,0,0,0,0.39062500000000006,0.2613811728395062,0.21604938271604937,0.13194444444444445,0,0,0,0,0,0,0,0,0,0,0,0,0,0,0,0,0,0,0,0,0,0,0,0,0,0,0,0,0,0,0,0,0,0,0,0,0,0,0,0,0,0,0,0,0,0,0.5848819015775032,0.2047914523319617,0.13335905349794244,0.07696759259259266,0,0,0,0,0,0,0,0,0,0,0,0,0,0,0,0,0,0,0,0,0,0,0,0,0,0,0,0,0,0,0,0,0,0,0,0,0,0,0,0,0,0,0,0,0,0,1.7320508075688772
4,0,0,0.19444444444444442,0.27777777777777773,0.5277777777777778,0,0,0,0,0,0,0,0,0,0,0,0,0,0,0,0,0,0,0,0,0,0,0,0,0,0,0,0,0,0,0,0,0,0,0,0,0,0,0,0,0,0,0,0,0,0.03780864197530864,0.11342592592592589,0.28472222222222227,0.30015432098765427,0.2638888888888889,0,0,0,0,0,0,0,0,0,0,0,0,0,0,0,0,0,0,0,0,0,0,0,0,0,0,0,0,0,0,0,0,0,0,0,0,0,0,0,0,0,0,0,0,0,0.19071502057613166,0.19990997942386826,0.2613811728395062,0.21604938271604937,0.13194444444444445,0,0,0,0,0,0,0,0,0,0,0,0,0,0,0,0,0,0,0,0,0,0,0,0,0,0,0,0,0,0,0,0,0,0,0,0,0,0,0,0,0,0,0,0,0,0.38040123456790115,0.2044806670096022,0.2047914523319617,0.13335905349794244,0.07696759259259266,0,0,0,0,0,0,0,0,0,0,0,0,0,0,0,0,0,0,0,0,0,0,0,0,0,0,0,0,0,0,0,0,0,0,0,0,0,0,0,0,0,0,0,0,0,2
5,0,0,0,0.19444444444444442,0.27777777777777773,0.5277777777777778,0,0,0,0,0,0,0,0,0,0,0,0,0,0,0,0,0,0,0,0,0,0,0,0,0,0,0,0,0,0,0,0,0,0,0,0,0,0,0,0,0,0,0,0,0,0.03780864197530864,0.11342592592592589,0.28472222222222227,0.30015432098765427,0.2638888888888889,0,0,0,0,0,0,0,0,0,0,0,0,0,0,0,0,0,0,0,0,0,0,0,0,0,0,0,0,0,0,0,0,0,0,0,0,0,0,0,0,0,0,0,0,0.07098765432098768,0.11972736625514403,0.19990997942386826,0.2613811728395062,0.21604938271604937,0.13194444444444445,0,0,0,0,0,0,0,0,0,0,0,0,0,0,0,0,0,0,0,0,0,0,0,0,0,0,0,0,0,0,0,0,0,0,0,0,0,0,0,0,0,0,0,0,0.20758494798811164,0.17281628657978965,0.2044806670096022,0.2047914523319617,0.13335905349794244,0.07696759259259266,0,0,0,0,0,0,0,0,0,0,0,0,0,0,0,0,0,0,0,0,0,0,0,0,0,0,0,0,0,0,0,0,0,0,0,0,0,0,0,0,0,0,0,0,2.23606797749979
6,0,0,0,0,0.19444444444444442,0.27777777777777773,0.5277777777777778,0,0,0,0,0,0,0,0,0,0,0,0,0,0,0,0,0,0,0,0,0,0,0,0,0,0,0,0,0,0,0,0,0,0,0,0,0,0,0,0,0,0,0,0,0,0.03780864197530864,0.11342592592592589,0.28472222222222227,0.30015432098765427,0.2638888888888889,0,0,0,0,0,0,0,0,0,0,0,0,0,0,0,0,0,0,0,0,0,0,0,0,0,0,0,0,0,0,0,0,0,0,0,0,0,0,0,0,0,0,0,0.018904320987654325,0.052083333333333336,0.11972736625514403,0.19990997942386826,0.2613811728395062,0.21604938271604937,0.13194444444444445,0,0,0,0,0,0,0,0,0,0,0,0,0,0,0,0,0,0,0,0,0,0,0,0,0,0,0,0,0,0,0,0,0,0,0,0,0,0,0,0,0,0,0,0.09494670210333793,0.11263824588477363,0.17366208430058738,0.20828675675319194,0.20098536258837196,0.14139413184552085,0.06808671652421656,0,0,0,0,0,0,0,0,0,0,0,0,0,0,0,0,0,0,0,0,0,0,0,0,0,0,0,0,0,0,0,0,0,0,0,0,0,0,0,0,0,0,0,2.449489742783178
7,0,0,0,0,0,0.19444444444444442,0.27777777777777773,0.5277777777777778,0,0,0,0,0,0,0,0,0,0,0,0,0,0,0,0,0,0,0,0,0,0,0,0,0,0,0,0,0,0,0,0,0,0,0,0,0,0,0,0,0,0,0,0,0,0.03780864197530864,0.11342592592592589,0.28472222222222227,0.30015432098765427,0.2638888888888889,0,0,0,0,0,0,0,0,0,0,0,0,0,0,0,0,0,0,0,0,0,0,0,0,0,0,0,0,0,0,0,0,0,0,0,0,0,0,0,0,0,0,0.0031507201646090543,0.015753600823045274,0.052083333333333336,0.11972736625514403,0.19990997942386826,0.2613811728395062,0.21604938271604937,0.13194444444444445,0,0,0,0,0,0,0,0,0,0,0,0,0,0,0,0,0,0,0,0,0,0,0,0,0,0,0,0,0,0,0,0,0,0,0,0,0,0,0,0,0,0,0.03517411122542296,0.05977259087791495,0.11402317782526113,0.18158587347437663,0.20966674250817766,0.2065300365358236,0.14292250316555877,0.050324964387464394,0,0,0,0,0,0,0,0,0,0,0,0,0,0,0,0,0,0,0,0,0,0,0,0,0,0,0,0,0,0,0,0,0,0,0,0,0,0,0,0,0,0,2.6457513110645907
8,0,0,0,0,0,0,0.19444444444444442,0.27777777777777773,0.5277777777777778,0,0,0,0,0,0,0,0,0,0,0,0,0,0,0,0,0,0,0,0,0,0,0,0,0,0,0,0,0,0,0,0,0,0,0,0,0,0,0,0,0,0,0,0,0,0.03780864197530864,0.11342592592592589,0.28472222222222227,0.30015432098765427,0.2638888888888889,0,0,0,0,0,0,0,0,0,0,0,0,0,0,0,0,0,0,0,0,0,0,0,0,0,0,0,0,0,0,0,0,0,0,0,0,0,0,0,0,0,0,0.0031507201646090543,0.015753600823045274,0.052083333333333336,0.11972736625514403,0.19990997942386826,0.2613811728395062,0.21604938271604937,0.13194444444444445,0,0,0,0,0,0,0,0,0,0,0,0,0,0,0,0,0,0,0,0,0,0,0,0,0,0,0,0,0,0,0,0,0,0,0,0,0,0,0,0,0,0.009895118884316415,0.02527899234110653,0.06144811121662971,0.12433288323045266,0.18792008228254364,0.21946328116756364,0.20890729694259783,0.12723072966128524,0.035523504273504265,0,0,0,0,0,0,0,0,0,0,0,0,0,0,0,0,0,0,0,0,0,0,0,0,0,0,0,0,0,0,0,0,0,0,0,0,0,0,0,0,0,2.8284271247461903
9,0,0,0,0,0,0,0,0.19444444444444442,0.27777777777777773,0.5277777777777778,0,0,0,0,0,0,0,0,0,0,0,0,0,0,0,0,0,0,0,0,0,0,0,0,0,0,0,0,0,0,0,0,0,0,0,0,0,0,0,0,0,0,0,0,0,0.03780864197530864,0.11342592592592589,0.28472222222222227,0.30015432098765427,0.2638888888888889,0,0,0,0,0,0,0,0,0,0,0,0,0,0,0,0,0,0,0,0,0,0,0,0,0,0,0,0,0,0,0,0,0,0,0,0,0,0,0,0,0,0,0.0031507201646090543,0.015753600823045274,0.052083333333333336,0.11972736625514403,0.19990997942386826,0.2613811728395062,0.21604938271604937,0.13194444444444445,0,0,0,0,0,0,0,0,0,0,0,0,0,0,0,0,0,0,0,0,0,0,0,0,0,0,0,0,0,0,0,0,0,0,0,0,0,0,0,0,0.002012960105166895,0.00788215877914952,0.026560466568182606,0.07056578591590167,0.1359541521578558,0.19624719166578738,0.231261788408779,0.19184336914371644,0.11102949905033244,0.026642628205128208,0,0,0,0,0,0,0,0,0,0,0,0,0,0,0,0,0,0,0,0,0,0,0,0,0,0,0,0,0,0,0,0,0,0,0,0,0,0,0,0,3
10,0,0,0,0,0,0,0,0,0.19444444444444442,0.27777777777777773,0.5277777777777778,0,0,0,0,0,0,0,0,0,0,0,0,0,0,0,0,0,0,0,0,0,0,0,0,0,0,0,0,0,0,0,0,0,0,0,0,0,0,0,0,0,0,0,0,0,0.03780864197530864,0.11342592592592589,0.28472222222222227,0.30015432098765427,0.2638888888888889,0,0,0,0,0,0,0,0,0,0,0,0,0,0,0,0,0,0,0,0,0,0,0,0,0,0,0,0,0,0,0,0,0,0,0,0,0,0,0,0,0,0,0.0031507201646090543,0.015753600823045274,0.052083333333333336,0.11972736625514403,0.19990997942386826,0.2613811728395062,0.21604938271604937,0.13194444444444445,0,0,0,0,0,0,0,0,0,0,0,0,0,0,0,0,0,0,0,0,0,0,0,0,0,0,0,0,0,0,0,0,0,0,0,0,0,0,0,0.00017504000914494736,0.0018379200960219472,0.008649641896169673,0.03257708904892548,0.08143791383085364,0.14566330820671103,0.20704821816415164,0.22845379768122817,0.1718725269072493,0.10452279202279202,0.017761752136752133,0,0,0,0,0,0,0,0,0,0,0,0,0,0,0,0,0,0,0,0,0,0,0,0,0,0,0,0,0,0,0,0,0,0,0,0,0,0,0,3.1622776601683795
11,0,0,0,0,0,0,0,0,0,0.19444444444444442,0.27777777777777773,0.5277777777777778,0,0,0,0,0,0,0,0,0,0,0,0,0,0,0,0,0,0,0,0,0,0,0,0,0,0,0,0,0,0,0,0,0,0,0,0,0,0,0,0,0,0,0,0,0,0.03780864197530864,0.11342592592592589,0.28472222222222227,0.30015432098765427,0.2638888888888889,0,0,0,0,0,0,0,0,0,0,0,0,0,0,0,0,0,0,0,0,0,0,0,0,0,0,0,0,0,0,0,0,0,0,0,0,0,0,0,0,0,0,0.0031507201646090543,0.015753600823045274,0.052083333333333336,0.11972736625514403,0.19990997942386826,0.2613811728395062,0.21604938271604937,0.13194444444444445,0,0,0,0,0,0,0,0,0,0,0,0,0,0,0,0,0,0,0,0,0,0,0,0,0,0,0,0,0,0,0,0,0,0,0,0,0,0,0,0.00017504000914494736,0.0021717876173894682,0.011687011976363832,0.04011782363441313,0.0889888842724491,0.1560535952173683,0.21047729865727546,0.21825064135538677,0.16489902362298192,0.09533772554605895,0.011841168091168091,0,0,0,0,0,0,0,0,0,0,0,0,0,0,0,0,0,0,0,0,0,0,0,0,0,0,0,0,0,0,0,0,0,0,0,0,0,0,3.3166247903554
12,0,0,0,0,0,0,0,0,0,0,0.19444444444444442,0.27777777777777773,0.5277777777777778,0,0,0,0,0,0,0,0,0,0,0,0,0,0,0,0,0,0,0,0,0,0,0,0,0,0,0,0,0,0,0,0,0,0,0,0,0,0,0,0,0,0,0,0,0,0.03780864197530864,0.11342592592592589,0.28472222222222227,0.30015432098765427,0.2638888888888889,0,0,0,0,0,0,0,0,0,0,0,0,0,0,0,0,0,0,0,0,0,0,0,0,0,0,0,0,0,0,0,0,0,0,0,0,0,0,0,0,0,0,0.0031507201646090543,0.015753600823045274,0.052083333333333336,0.11972736625514403,0.19990997942386826,0.2613811728395062,0.21604938271604937,0.13194444444444445,0,0,0,0,0,0,0,0,0,0,0,0,0,0,0,0,0,0,0,0,0,0,0,0,0,0,0,0,0,0,0,0,0,0,0,0,0,0,0,0.00027602462980549404,0.0032939534530969706,0.015516527404065986,0.045109967443107885,0.09595805964440222,0.16473648647163305,0.21020525845467983,0.21528911278621923,0.16157498087474945,0.08211904479265597,0.005920584045584046,0,0,0,0,0,0,0,0,0,0,0,0,0,0,0,0,0,0,0,0,0,0,0,0,0,0,0,0,0,0,0,0,0,0,0,0,0,3.4641016151377544
13,0,0,0,0,0,0,0,0,0,0,0,0.19444444444444442,0.27777777777777773,0.5277777777777778,0,0,0,0,0,0,0,0,0,0,0,0,0,0,0,0,0,0,0,0,0,0,0,0,0,0,0,0,0,0,0,0,0,0,0,0,0,0,0,0,0,0,0,0,0,0.03780864197530864,0.11342592592592589,0.28472222222222227,0.30015432098765427,0.2638888888888889,0,0,0,0,0,0,0,0,0,0,0,0,0,0,0,0,0,0,0,0,0,0,0,0,0,0,0,0,0,0,0,0,0,0,0,0,0,0,0,0,0,0,0.0031507201646090543,0.015753600823045274,0.052083333333333336,0.11972736625514403,0.19990997942386826,0.2613811728395062,0.21604938271604937,0.13194444444444445,0,0,0,0,0,0,0,0,0,0,0,0,0,0,0,0,0,0,0,0,0,0,0,0,0,0,0,0,0,0,0,0,0,0,0,0,0,0,0.000020196924132109315,0.0005688800297210793,0.004668374749393268,0.018071026124652664,0.04904774937568149,0.10393852386039883,0.17344610086701137,0.21158668684710358,0.22017862324575285,0.1495734739368998,0.06890036403925297,0,0,0,0,0,0,0,0,0,0,0,0,0,0,0,0,0,0,0,0,0,0,0,0,0,0,0,0,0,0,0,0,0,0,0,0,0,3.605551275463989
14,0,0,0,0,0,0,0,0,0,0,0,0,0.19444444444444442,0.27777777777777773,0.5277777777777778,0,0,0,0,0,0,0,0,0,0,0,0,0,0,0,0,0,0,0,0,0,0,0,0,0,0,0,0,0,0,0,0,0,0,0,0,0,0,0,0,0,0,0,0,0,0.03780864197530864,0.11342592592592589,0.28472222222222227,0.30015432098765427,0.2638888888888889,0,0,0,0,0,0,0,0,0,0,0,0,0,0,0,0,0,0,0,0,0,0,0,0,0,0,0,0,0,0,0,0,0,0,0,0,0,0,0,0,0,0,0.0031507201646090543,0.015753600823045274,0.052083333333333336,0.11972736625514403,0.19990997942386826,0.2613811728395062,0.21604938271604937,0.13194444444444445,0,0,0,0,0,0,0,0,0,0,0,0,0,0,0,0,0,0,0,0,0,0,0,0,0,0,0,0,0,0,0,0,0,0,0,0,0,0,0.000060590772396327935,0.0009189600480109745,0.005577854608525906,0.01996726999138265,0.05470364379990151,0.11577557013031549,0.1788751577283599,0.2242636915910449,0.20942293678115428,0.1401093601614435,0.050324964387464394,0,0,0,0,0,0,0,0,0,0,0,0,0,0,0,0,0,0,0,0,0,0,0,0,0,0,0,0,0,0,0,0,0,0,0,0,3.7416573867739413
15,0,0,0,0,0,0,0,0,0,0,0,0,0,0.19444444444444442,0.27777777777777773,0.5277777777777778,0,0,0,0,0,0,0,0,0,0,0,0,0,0,0,0,0,0,0,0,0,0,0,0,0,0,0,0,0,0,0,0,0,0,0,0,0,0,0,0,0,0,0,0,0,0.03780864197530864,0.11342592592592589,0.28472222222222227,0.30015432098765427,0.2638888888888889,0,0,0,0,0,0,0,0,0,0,0,0,0,0,0,0,0,0,0,0,0,0,0,0,0,0,0,0,0,0,0,0,0,0,0,0,0,0,0,0,0,0,0.0031507201646090543,0.015753600823045274,0.052083333333333336,0.11972736625514403,0.19990997942386826,0.2613811728395062,0.21604938271604937,0.13194444444444445,0,0,0,0,0,0,0,0,0,0,0,0,0,0,0,0,0,0,0,0,0,0,0,0,0,0,0,0,0,0,0,0,0,0,0,0,0,0,0.00009425231261651013,0.0011714215996623401,0.006214675991875064,0.023128157315078612,0.06440606754071262,0.12370409939854381,0.1928426360091097,0.220747915457599,0.20409074271921498,0.11919565131370685,0.04440438034188035,0,0,0,0,0,0,0,0,0,0,0,0,0,0,0,0,0,0,0,0,0,0,0,0,0,0,0,0,0,0,0,0,0,0,0,3.872983346207417
16,0,0,0,0,0,0,0,0,0,0,0,0,0,0,0.19444444444444442,0.27777777777777773,0.5277777777777778,0,0,0,0,0,0,0,0,0,0,0,0,0,0,0,0,0,0,0,0,0,0,0,0,0,0,0,0,0,0,0,0,0,0,0,0,0,0,0,0,0,0,0,0,0,0.03780864197530864,0.11342592592592589,0.28472222222222227,0.30015432098765427,0.2638888888888889,0,0,0,0,0,0,0,0,0,0,0,0,0,0,0,0,0,0,0,0,0,0,0,0,0,0,0,0,0,0,0,0,0,0,0,0,0,0,0,0,0,0,0.0031507201646090543,0.015753600823045274,0.052083333333333336,0.11972736625514403,0.19990997942386826,0.2613811728395062,0.21604938271604937,0.13194444444444445,0,0,0,0,0,0,0,0,0,0,0,0,0,0,0,0,0,0,0,0,0,0,0,0,0,0,0,0,0,0,0,0,0,0,0,0,0,0,0.00011444923674861944,0.0013632923789173785,0.007568282090851533,0.02911400353047731,0.07129699700590907,0.13628781358816078,0.193098051532658,0.22560479483222542,0.18249260545267496,0.11753620607787274,0.035523504273504265,0,0,0,0,0,0,0,0,0,0,0,0,0,0,0,0,0,0,0,0,0,0,0,0,0,0,0,0,0,0,0,0,0,0,4
17,0,0,0,0,0,0,0,0,0,0,0,0,0,0,0,0.19444444444444442,0.27777777777777773,0.5277777777777778,0,0,0,0,0,0,0,0,0,0,0,0,0,0,0,0,0,0,0,0,0,0,0,0,0,0,0,0,0,0,0,0,0,0,0,0,0,0,0,0,0,0,0,0,0,0.03780864197530864,0.11342592592592589,0.28472222222222227,0.30015432098765427,0.2638888888888889,0,0,0,0,0,0,0,0,0,0,0,0,0,0,0,0,0,0,0,0,0,0,0,0,0,0,0,0,0,0,0,0,0,0,0,0,0,0,0,0,0,0,0.0031507201646090543,0.015753600823045274,0.052083333333333336,0.13072273662551442,0.18891460905349788,0.2613811728395062,0.2270447530864197,0.12094907407407403,0,0,0,0,0,0,0,0,0,0,0,0,0,0,0,0,0,0,0,0,0,0,0,0,0,0,0,0,0,0,0,0,0,0,0,0,0,0,0.00013464616088072873,0.0018553691393197555,0.01041378139179065,0.03478267560057683,0.08079003222714641,0.1396940866703598,0.2052774837545285,0.20791414411206074,0.18461390075973405,0.10467426895378285,0.02984961122981956,0,0,0,0,0,0,0,0,0,0,0,0,0,0,0,0,0,0,0,0,0,0,0,0,0,0,0,0,0,0,0,0,0,4.123105625617661
18,0,0,0,0,0,0,0,0,0,0,0,0,0,0,0,0.021604938271604937,0.20370370370370372,0.3055555555555556,0.46913580246913583,0,0,0,0,0,0,0,0,0,0,0,0,0,0,0,0,0,0,0,0,0,0,0,0,0,0,0,0,0,0,0,0,0,0,0,0,0,0,0,0,0,0,0,0,0.004200960219478737,0.04621056241426611,0.14838629782045412,0.28643689986282583,0.3120522786160647,0.2027130010669106,0,0,0,0,0,0,0,0,0,0,0,0,0,0,0,0,0,0,0,0,0,0,0,0,0,0,0,0,0,0,0,0,0,0,0,0,0,0,0,0,0,0.00035008001828989484,0.004551040237768635,0.021117525275618557,0.07619457639700365,0.12938989229284154,0.20907292037121708,0.2708346563870684,0.20590253080774712,0.08258677821244502,0,0,0,0,0,0,0,0,0,0,0,0,0,0,0,0,0,0,0,0,0,0,0,0,0,0,0,0,0,0,0,0,0,0,0,0,0,0.000014960684542303194,0.00043607851106707983,0.003924164373735386,0.017143902627780427,0.047383147811195396,0.0941305503038992,0.16636795477504707,0.20125920568726796,0.21050410076698092,0.16381514332491096,0.07913871840041072,0.015882072733162503,0,0,0,0,0,0,0,0,0,0,0,0,0,0,0,0,0,0,0,0,0,0,0,0,0,0,0,0,0,0,0,0,4.242640687119285
19,0,0,0,0,0,0,0,0,0,0,0,0,0,0,0,0,0.043209876543209874,0.212962962962963,0.3333333333333334,0.4104938271604939,0,0,0,0,0,0,0,0,0,0,0,0,0,0,0,0,0,0,0,0,0,0,0,0,0,0,0,0,0,0,0,0,0,0,0,0,0,0,0,0,0,0,0,0,0.008401920438957475,0.06719631153787532,0.17239654778235025,0.306436709343088,0.2903663694558757,0.15520214144185335,0,0,0,0,0,0,0,0,0,0,0,0,0,0,0,0,0,0,0,0,0,0,0,0,0,0,0,0,0,0,0,0,0,0,0,0,0,0,0,0,0,0.0007001600365797897,0.007000012701315857,0.04177872931802403,0.07603664788283178,0.1503682984682213,0.23878083509034873,0.2606956986993853,0.16931292849300295,0.05532668931029031,0,0,0,0,0,0,0,0,0,0,0,0,0,0,0,0,0,0,0,0,0,0,0,0,0,0,0,0,0,0,0,0,0,0,0,0,0,0.00007778538228355328,0.00128353174525633,0.008061775762647072,0.02599542603286184,0.05885478357816446,0.12206821401332897,0.1779123760721951,0.208848379682401,0.20345311414587078,0.1348170525651419,0.051179737458848296,0.007447823561000621,0,0,0,0,0,0,0,0,0,0,0,0,0,0,0,0,0,0,0,0,0,0,0,0,0,0,0,0,0,0,0,4.358898943540674
20,0,0,0,0,0,0,0,0,0,0,0,0,0,0,0,0,0,0.12962962962962965,0.15740740740740736,0.425925925925926,0.28703703703703703,0,0,0,0,0,0,0,0,0,0,0,0,0,0,0,0,0,0,0,0,0,0,0,0,0,0,0,0,0,0,0,0,0,0,0,0,0,0,0,0,0,0,0,0,0.03186442615454961,0.09323559670781893,0.23621113397347973,0.2769918838591679,0.2766489483310471,0.0850480109739369,0,0,0,0,0,0,0,0,0,0,0,0,0,0,0,0,0,0,0,0,0,0,0,0,0,0,0,0,0,0,0,0,0,0,0,0,0,0,0,0,0,0.0026553688462124677,0.024204871166319492,0.04745039606936613,0.10670633446375045,0.18828053555098312,0.2597872900049112,0.21677752533912506,0.1328756758158479,0.021262002743484224,0,0,0,0,0,0,0,0,0,0,0,0,0,0,0,0,0,0,0,0,0,0,0,0,0,0,0,0,0,0,0,0,0,0,0,0,0.000017021595168028632,0.0005230888007070183,0.004337358295743228,0.015610260672524905,0.038794327397272954,0.08912533486094253,0.151717447247224,0.19217177313164727,0.21726357464270682,0.17181326279306106,0.09228915721538145,0.023884085338757115,0.002453308008863565,0,0,0,0,0,0,0,0,0,0,0,0,0,0,0,0,0,0,0,0,0,0,0,0,0,0,0,0,0,0,4.47213595499958
21,0,0,0,0,0,0,0,0,0,0,0,0,0,0,0,0,0,0.032407407407407406,0.09722222222222221,0.1898148148148148,0.39351851851851855,0.28703703703703703,0,0,0,0,0,0,0,0,0,0,0,0,0,0,0,0,0,0,0,0,0,0,0,0,0,0,0,0,0,0,0,0,0,0,0,0,0,0,0,0,0,0,0,0.01018804298125286,0.04029492455418382,0.1329160951074532,0.21193415637860083,0.29139517604023774,0.2282235939643348,0.0850480109739369,0,0,0,0,0,0,0,0,0,0,0,0,0,0,0,0,0,0,0,0,0,0,0,0,0,0,0,0,0,0,0,0,0,0,0,0,0,0,0,0,0.0008490035817710712,0.0115752648224356,0.026329695464783493,0.06440579275262916,0.12810686093329268,0.22092271884367223,0.22644349131653363,0.2111562669350879,0.08894890260631004,0.021262002743484224,0,0,0,0,0,0,0,0,0,0,0,0,0,0,0,0,0,0,0,0,0,0,0,0,0,0,0,0,0,0,0,0,0,0,0,0.000005442330652378662,0.00021642996421160007,0.002035814586272548,0.008239382298145337,0.022445678350931902,0.05726713511600554,0.1170520261530994,0.16097467888422878,0.2142126518841941,0.19715204910593312,0.14343581175799078,0.05918062992135279,0.016135373066957434,0.0016468965800241523,0,0,0,0,0,0,0,0,0,0,0,0,0,0,0,0,0,0,0,0,0,0,0,0,0,0,0,0,0,4.58257569495584
22,0,0,0,0,0,0,0,0,0,0,0,0,0,0,0,0,0,0,0.043209876543209874,0.09722222222222221,0.220679012345679,0.3996913580246914,0.23919753086419757,0,0,0,0,0,0,0,0,0,0,0,0,0,0,0,0,0,0,0,0,0,0,0,0,0,0,0,0,0,0,0,0,0,0,0,0,0,0,0,0,0,0,0.0017670705685108982,0.014374714220393233,0.0640813138241122,0.13647405121170553,0.2329103795153177,0.2776682289285171,0.2136631229995428,0.05906111873190064,0,0,0,0,0,0,0,0,0,0,0,0,0,0,0,0,0,0,0,0,0,0,0,0,0,0,0,0,0,0,0,0,0,0,0,0,0,0,0,0.00014725588070924146,0.0047942836669545635,0.013350604476790463,0.03630042687005708,0.08123027326881063,0.1714874334592175,0.20296925452449088,0.23973380864479787,0.16211855919801071,0.07556370027434843,0.012304399735812632,0,0,0,0,0,0,0,0,0,0,0,0,0,0,0,0,0,0,0,0,0,0,0,0,0,0,0,0,0,0,0,0,0,0,9.439479532643685e-7,0.00007326452463317079,0.000837600017660619,0.003958563134762737,0.012130412374228025,0.034836085131311346,0.08589942321555345,0.12778256599782536,0.196620730585885,0.20316398280297454,0.18184135312456773,0.09999997360960122,0.04369599383705286,0.008396655575608977,0.0007624521203815519,0,0,0,0,0,0,0,0,0,0,0,0,0,0,0,0,0,0,0,0,0,0,0,0,0,0,0,0,4.69041575982343
23,0,0,0,0,0,0,0,0,0,0,0,0,0,0,0,0,0,0,0,0.043209876543209874,0.09722222222222221,0.220679012345679,0.3996913580246914,0.23919753086419757,0,0,0,0,0,0,0,0,0,0,0,0,0,0,0,0,0,0,0,0,0,0,0,0,0,0,0,0,0,0,0,0,0,0,0,0,0,0,0,0,0,0.00013336381649138847,0.0026506058527663457,0.022674230300259095,0.06301678478890413,0.14540704541990546,0.23176249809480268,0.281369074836153,0.19392527815881724,0.05906111873190064,0,0,0,0,0,0,0,0,0,0,0,0,0,0,0,0,0,0,0,0,0,0,0,0,0,0,0,0,0,0,0,0,0,0,0,0,0,0,0.000011113651374282375,0.00147961509367926,0.005391929089964831,0.017286854720232354,0.04297903674278988,0.11353278456592546,0.1564970913104653,0.22128423225132232,0.21104184483790292,0.15564207885964765,0.062549019140883,0.012304399735812632,0,0,0,0,0,0,0,0,0,0,0,0,0,0,0,0,0,0,0,0,0,0,0,0,0,0,0,0,0,0,0,0,0,7.124135496334855e-8,0.0000198599412149811,0.00027411571958394306,0.0015407259703723905,0.005523114567743918,0.018218142903318132,0.0558621530335493,0.09096513790555465,0.16269314714681507,0.18992158992762379,0.2066731938594474,0.14209707387585874,0.09080278491216598,0.028529189796887608,0.006307860108222811,0.000571839090286164,0,0,0,0,0,0,0,0,0,0,0,0,0,0,0,0,0,0,0,0,0,0,0,0,0,0,0,4.795831523312719
24,0,0,0,0,0,0,0,0,0,0,0,0,0,0,0,0,0,0,0,0,0.05401234567901234,0.09722222222222221,0.2515432098765432,0.40586419753086417,0.19135802469135801,0,0,0,0,0,0,0,0,0,0,0,0,0,0,0,0,0,0,0,0,0,0,0,0,0,0,0,0,0,0,0,0,0,0,0,0,0,0,0,0,0,0.00025005715592135345,0.007051611796982167,0.02506525301021186,0.07577208123761621,0.15707876085962505,0.24490359701265044,0.27390546410608135,0.17817405883249507,0.0377991159884164,0,0,0,0,0,0,0,0,0,0,0,0,0,0,0,0,0,0,0,0,0,0,0,0,0,0,0,0,0,0,0,0,0,0,0,0,0,0,0.0004306980925446096,0.002081472237746052,0.007969116485884605,0.021915756670307707,0.0696363313378155,0.111184882382287,0.1785616805005165,0.21173741828820125,0.20573483374683174,0.13315369350736958,0.05129426408575927,0.006299852664736069,0,0,0,0,0,0,0,0,0,0,0,0,0,0,0,0,0,0,0,0,0,0,0,0,0,0,0,0,0,0,0,0,0,0.000005521770417238588,0.00008880395094995472,0.0005898272732692691,0.002473478064356344,0.009393686124454579,0.03515184192938231,0.06243788788071893,0.126624851845027,0.1645307280218482,0.21088130488281331,0.1670599587130641,0.13737233722582223,0.05961141998686359,0.020108937430697613,0.003474227157497619,0.00019518774281767723,0,0,0,0,0,0,0,0,0,0,0,0,0,0,0,0,0,0,0,0,0,0,0,0,0,0,4.898979485566356
25,0,0,0,0,0,0,0,0,0,0,0,0,0,0,0,0,0,0,0,0,0,0.05401234567901234,0.09722222222222221,0.2515432098765432,0.40586419753086417,0.19135802469135801,0,0,0,0,0,0,0,0,0,0,0,0,0,0,0,0,0,0,0,0,0,0,0,0,0,0,0,0,0,0,0,0,0,0,0,0,0,0,0,0,0,0.0010002286236854138,0.006901577503429354,0.026715630239292795,0.07992779301935678,0.16173696844993138,0.2501238378295992,0.27766346593507096,0.1581313824112178,0.0377991159884164,0,0,0,0,0,0,0,0,0,0,0,0,0,0,0,0,0,0,0,0,0,0,0,0,0,0,0,0,0,0,0,0,0,0,0,0,0,0.00007362794035462073,0.0005766088686232336,0.0027733852393774655,0.008969775102033903,0.03475865030172682,0.0666028337341304,0.12306642311893512,0.1782511267125607,0.21279361208487865,0.19888359843802036,0.12642060689709675,0.04052989889752579,0.006299852664736069,0,0,0,0,0,0,0,0,0,0,0,0,0,0,0,0,0,0,0,0,0,0,0,0,0,0,0,0,0,0,0,0,9.439479532643684e-7,0.000019426839009410277,0.00016536873606353252,0.0008550875322324539,0.003971289564139028,0.018940475362773334,0.0374611678734334,0.08734573043145323,0.12784514921941306,0.19651177868923442,0.17706972324258693,0.17912888265968804,0.10397491657837112,0.04984841654622126,0.014475165944410501,0.0022888829616081563,0.00009759387140883861,0,0,0,0,0,0,0,0,0,0,0,0,0,0,0,0,0,0,0,0,0,0,0,0,0,5
26,0,0,0,0,0,0,0,0,0,0,0,0,0,0,0,0,0,0,0,0,0,0,0.06481481481481481,0.09722222222222221,0.28240740740740744,0.41203703703703703,0.14351851851851852,0,0,0,0,0,0,0,0,0,0,0,0,0,0,0,0,0,0,0,0,0,0,0,0,0,0,0,0,0,0,0,0,0,0,0,0,0,0,0,0,0,0.001600365797896662,0.008401920438957473,0.03312185642432556,0.09039208962048469,0.17608310470964791,0.2650963077274806,0.26285293781435753,0.14318272748056696,0.01926868998628258,0,0,0,0,0,0,0,0,0,0,0,0,0,0,0,0,0,0,0,0,0,0,0,0,0,0,0,0,0,0,0,0,0,0,0,0,0.000007409100916188251,0.00014447746786567085,0.0008990150129553421,0.0035079446730681284,0.01626840103134685,0.037285175765042596,0.0783548805864621,0.13434026322418663,0.18498695865933376,0.21704818905696963,0.1908043928559332,0.10285475965935072,0.0310895466582838,0.0024085862482853223,0,0,0,0,0,0,0,0,0,0,0,0,0,0,0,0,0,0,0,0,0,0,0,0,0,0,0,0,0,0,0,9.498847328446474e-8,0.000003617477690916701,0.0000434965223543883,0.0002829289631054638,0.0016448967334169666,0.009957847003375557,0.021862284414669902,0.05782973021642949,0.09426976826800904,0.17000892827828495,0.17129620521266917,0.19866773849299335,0.14237249667052396,0.08695243344362917,0.035075640459865914,0.008877145597514268,0.0008547472569941095,0,0,0,0,0,0,0,0,0,0,0,0,0,0,0,0,0,0,0,0,0,0,0,0,0,5.0990195135927845
27,0,0,0,0,0,0,0,0,0,0,0,0,0,0,0,0,0,0,0,0,0,0,0,0.06481481481481481,0.09722222222222221,0.28240740740740744,0.41203703703703703,0.14351851851851852,0,0,0,0,0,0,0,0,0,0,0,0,0,0,0,0,0,0,0,0,0,0,0,0,0,0,0,0,0,0,0,0,0,0,0,0,0,0,0,0,0,0.001600365797896662,0.009002057613168721,0.03402206218564243,0.09533607681755829,0.19050783036122546,0.2607596021947874,0.27637745770461813,0.1131258573388203,0.01926868998628258,0,0,0,0,0,0,0,0,0,0,0,0,0,0,0,0,0,0,0,0,0,0,0,0,0,0,0,0,0,0,0,0,0,0,0,0,0.000014818201832376502,0.00019171048620637097,0.0009587508890921099,0.005689594129451812,0.016712814780944635,0.041520502305288816,0.08493221069577805,0.13883986974800588,0.19496794373105378,0.21816051340835585,0.18039867445892396,0.09383752000457246,0.02136649091220851,0.0024085862482853223,0,0,0,0,0,0,0,0,0,0,0,0,0,0,0,0,0,0,0,0,0,0,0,0,0,0,0,0,0,0,0,2.8496541985339427e-7,0.000006611593525904099,0.00006285367487967766,0.0005136503106376377,0.0043093967353416114,0.010846823946861895,0.033285276388933215,0.06170976173691825,0.13225902096597342,0.15194448074149078,0.1989834866450401,0.17239862563753428,0.13059010815691754,0.0706062053135208,0.026851273143059472,0.00529632753817478,0.00033581250577054974,0,0,0,0,0,0,0,0,0,0,0,0,0,0,0,0,0,0,0,0,0,0,0,0,5.196152422706632
28,0,0,0,0,0,0,0,0,0,0,0,0,0,0,0,0,0,0,0,0,0,0,0,0,0.06481481481481481,0.09722222222222221,0.28240740740740744,0.41203703703703703,0.14351851851851852,0,0,0,0,0,0,0,0,0,0,0,0,0,0,0,0,0,0,0,0,0,0,0,0,0,0,0,0,0,0,0,0,0,0,0,0,0,0,0,0,0,0.0020004572473708276,0.009602194787379973,0.037365683584819384,0.11391889574759946,0.1789123228166439,0.27874228395061723,0.2470636145404664,0.1131258573388203,0.01926868998628258,0,0,0,0,0,0,0,0,0,0,0,0,0,0,0,0,0,0,0,0,0,0,0,0,0,0,0,0,0,0,0,0,0,0,0,0,0.00002778412843570594,0.0002167162017985063,0.001636617470236583,0.006422962814780944,0.019625550654964522,0.04637872254398889,0.0902776123960609,0.14995676260393906,0.19477398405349797,0.21584755086876997,0.17240309689833863,0.07865756220469443,0.02136649091220851,0.0024085862482853223,0,0,0,0,0,0,0,0,0,0,0,0,0,0,0,0,0,0,0,0,0,0,0,0,0,0,0,0,0,0,0,6.530457538306952e-7,0.000010965231884775398,0.00014039253945875453,0.0017021852428477106,0.004959286878797548,0.01760744848590771,0.03716091960451088,0.09351646196859871,0.12252184089684819,0.17882208659406143,0.18195518523072307,0.16413610383985652,0.1131795575773953,0.06027148804392977,0.020227147640868984,0.0034897771734271874,0.0002985000051293776,0,0,0,0,0,0,0,0,0,0,0,0,0,0,0,0,0,0,0,0,0,0,0,5.291502622129181
29,0,0,0,0,0,0,0,0,0,0,0,0,0,0,0,0,0,0,0,0,0,0,0,0,0,0.07561728395061729,0.09722222222222221,0.3132716049382716,0.4182098765432099,0.09567901234567901,0,0,0,0,0,0,0,0,0,0,0,0,0,0,0,0,0,0,0,0,0,0,0,0,0,0,0,0,0,0,0,0,0,0,0,0,0,0,0,0,0,0.0023338667885992987,0.011302583447645176,0.052295286541685713,0.11492626886145407,0.19896214372809026,0.27438414494741653,0.24254591525682057,0.09468592821216278,0.00856386221612559,0,0,0,0,0,0,0,0,0,0,0,0,0,0,0,0,0,0,0,0,0,0,0,0,0,0,0,0,0,0,0,0,0,0,0,0,0.0000324148165083236,0.000371381183423936,0.002117304943069879,0.008401071479477492,0.023565571601551243,0.05278742945477483,0.10384322413024212,0.155698870941224,0.20304696188052862,0.2135457460823497,0.1523473332705324,0.06848184567407296,0.015047189357567442,0.0007136551846771326,0,0,0,0,0,0,0,0,0,0,0,0,0,0,0,0,0,0,0,0,0,0,0,0,0,0,0,0,0,0,0,9.69673998112244e-7,0.00003164006677309717,0.0006297336695243779,0.002146464460779657,0.008890485017051215,0.021371785742158686,0.06255422434195253,0.09276746600086055,0.1490697810191373,0.17434615152996172,0.1796859850375091,0.147852299356826,0.09940882835948583,0.04623087936971552,0.012926228948484933,0.0020096885155624776,0.00007738889021872752,0,0,0,0,0,0,0,0,0,0,0,0,0,0,0,0,0,0,0,0,0,0,5.385164807134504
30,0,0,0,0,0,0,0,0,0,0,0,0,0,0,0,0,0,0,0,0,0,0,0,0,0,0,0.07561728395061729,0.09722222222222221,0.3132716049382716,0.4182098765432099,0.09567901234567901,0,0,0,0,0,0,0,0,0,0,0,0,0,0,0,0,0,0,0,0,0,0,0,0,0,0,0,0,0,0,0,0,0,0,0,0,0,0,0,0,0,0.0028006401463191583,0.015753600823045267,0.05041152263374485,0.12389498552049995,0.19147709952751113,0.2885826284103033,0.24254591525682057,0.07596974546563023,0.00856386221612559,0,0,0,0,0,0,0,0,0,0,0,0,0,0,0,0,0,0,0,0,0,0,0,0,0,0,0,0,0,0,0,0,0,0,0,0,0.00005186370641331774,0.0005121541008315126,0.0027050164376196044,0.009576185756038772,0.025756658841244822,0.05811150793902803,0.1059963397277403,0.16215010300414348,0.20456267429027866,0.20747311687115788,0.15138518654352037,0.061463277144123245,0.009542260453182952,0.0007136551846771326,0,0,0,0,0,0,0,0,0,0,0,0,0,0,0,0,0,0,0,0,0,0,0,0,0,0,0,0,0,0,0,0.000004945337390372447,0.0001896399518724767,0.0007727567913034247,0.003774831915898749,0.01058540406574835,0.03633533651217007,0.06216555542719105,0.11043000562209822,0.15018057823410066,0.17720570063205385,0.17162372681728658,0.14169978236005412,0.08726951617548007,0.03679656339233942,0.009726174015991186,0.0011731494145480429,0.00006633333447319502,0,0,0,0,0,0,0,0,0,0,0,0,0,0,0,0,0,0,0,0,0,5.477225575051661
31,0,0,0,0,0,0,0,0,0,0,0,0,0,0,0,0,0,0,0,0,0,0,0,0,0,0,0,0.07561728395061729,0.09722222222222221,0.3132716049382716,0.4182098765432099,0.09567901234567901,0,0,0,0,0,0,0,0,0,0,0,0,0,0,0,0,0,0,0,0,0,0,0,0,0,0,0,0,0,0,0,0,0,0,0,0,0,0,0,0,0,0.004901120256058528,0.013653120713305896,0.05589610958695321,0.12179450541076058,0.20211286389269936,0.2885826284103033,0.22852604404816343,0.07596974546563023,0.00856386221612559,0,0,0,0,0,0,0,0,0,0,0,0,0,0,0,0,0,0,0,0,0,0,0,0,0,0,0,0,0,0,0,0,0,0,0,0,0.00009076148622330606,0.0007017807774052057,0.0030167389230413154,0.010734320843000444,0.028336492344634673,0.05936341445946023,0.11218081108133361,0.1659838386340158,0.20070520087131027,0.2123141153604069,0.14612773484027394,0.050188874741034284,0.009542260453182952,0.0007136551846771326,0,0,0,0,0,0,0,0,0,0,0,0,0,0,0,0,0,0,0,0,0,0,0,0,0,0,0,0,0,0,5.818043988673465e-7,0.00004734317858402304,0.00024104454733158632,0.0013940380533556528,0.004670024267108593,0.018843861301471403,0.03753826071388785,0.07378449709577117,0.11579901157516422,0.15630576471833613,0.17484191314579145,0.17013549910554182,0.13120633557044156,0.07590187015867494,0.030755260099224236,0.007460571793906678,0.001018845092282116,0.000055277778727662486,0,0,0,0,0,0,0,0,0,0,0,0,0,0,0,0,0,0,0,0,5.5677643628300215
32,0,0,0,0,0,0,0,0,0,0,0,0,0,0,0,0,0,0,0,0,0,0,0,0,0,0,0,0,0.08641975308641975,0.09722222222222221,0.34413580246913583,0.4243827160493827,0.047839506172839504,0,0,0,0,0,0,0,0,0,0,0,0,0,0,0,0,0,0,0,0,0,0,0,0,0,0,0,0,0,0,0,0,0,0,0,0,0,0,0,0,0,0.0056012802926383165,0.015753600823045267,0.0614807194025301,0.1329137136107301,0.21139831961591227,0.29407912284712695,0.21937871513488802,0.057253562719097706,0.0021409655540313975,0,0,0,0,0,0,0,0,0,0,0,0,0,0,0,0,0,0,0,0,0,0,0,0,0,0,0,0,0,0,0,0,0,0,0,0,0.0001296592660332944,0.0008573718966451593,0.003664031937458721,0.01264826140154787,0.030737581288421478,0.06692424758816128,0.1215774363946327,0.1686942465156057,0.21359615442965443,0.21030154114591268,0.12472114437444605,0.040485124554042705,0.005573992309353249,0.00008920689808464158,0,0,0,0,0,0,0,0,0,0,0,0,0,0,0,0,0,0,0,0,0,0,0,0,0,0,0,0,0,0,0.00000973656587747348,0.00006407887776555775,0.00047152995499274254,0.0019183896801112084,0.009200071528101412,0.02135430809277118,0.04654605727877046,0.08318378175061152,0.1271980021802753,0.16167956785433776,0.1786936640216452,0.16272820832993862,0.11659426931470511,0.06238702183008923,0.022706833462277542,0.004812909323424425,0.00044604217643248576,0.0000055277778727662514,0,0,0,0,0,0,0,0,0,0,0,0,0,0,0,0,0,0,0,5.656854249492381
33,0,0,0,0,0,0,0,0,0,0,0,0,0,0,0,0,0,0,0,0,0,0,0,0,0,0,0,0,0,0.08641975308641975,0.09722222222222221,0.34413580246913583,0.4243827160493827,0.047839506172839504,0,0,0,0,0,0,0,0,0,0,0,0,0,0,0,0,0,0,0,0,0,0,0,0,0,0,0,0,0,0,0,0,0,0,0,0,0,0,0,0,0,0.006534827008078038,0.015753600823045267,0.06441472336534067,0.13749809480262157,0.20753076893766198,0.30848717802164305,0.21952636793171773,0.038261126352690134,0.001993312757201646,0,0,0,0,0,0,0,0,0,0,0,0,0,0,0,0,0,0,0,0,0,0,0,0,0,0,0,0,0,0,0,0,0,0,0,0,0.00015126914370551016,0.0010124227689433066,0.003986482183581997,0.013216987074999862,0.03318250741262908,0.07035304057153098,0.1234969007025239,0.17734279519622123,0.21553739399693472,0.20465779082837976,0.1213129689784473,0.03333390886170807,0.0023324775821775136,0.00008305469821673528,0,0,0,0,0,0,0,0,0,0,0,0,0,0,0,0,0,0,0,0,0,0,0,0,0,0,0,0,0,0.0000011312863311309517,0.000012967080977136712,0.00012287138313596478,0.000648615514524184,0.0037348400311956152,0.010352426612403097,0.02544558155065715,0.05236321500284308,0.09138718541527065,0.13373565526034412,0.16802641474694702,0.17835066601598693,0.15531145065842492,0.1052742421539065,0.054126204559572455,0.01797080187117206,0.0029727403894326573,0.00015784391506282698,0.000005146551812575476,0,0,0,0,0,0,0,0,0,0,0,0,0,0,0,0,0,0,5.744562646538029
34,0,0,0,0,0,0,0,0,0,0,0,0,0,0,0,0,0,0,0,0,0,0,0,0,0,0,0,0,0,0,0.08641975308641975,0.09722222222222221,0.34413580246913583,0.4243827160493827,0.047839506172839504,0,0,0,0,0,0,0,0,0,0,0,0,0,0,0,0,0,0,0,0,0,0,0,0,0,0,0,0,0,0,0,0,0,0,0,0,0,0,0,0,0,0.006534827008078038,0.015753600823045267,0.06813223975003808,0.13749809480262157,0.2192143918609968,0.3109782235939643,0.2041252286236854,0.035770080780368835,0.001993312757201646,0,0,0,0,0,0,0,0,0,0,0,0,0,0,0,0,0,0,0,0,0,0,0,0,0,0,0,0,0,0,0,0,0,0,0,0,0.00018152297244661213,0.001072930426425511,0.004059492698860269,0.014426754333971224,0.03519569905219958,0.07180165210601928,0.13113990649361829,0.18205950381251157,0.21206355103388705,0.20818441261000753,0.11513114373232401,0.022371692012848082,0.0022286840166641265,0.00008305469821673528,0,0,0,0,0,0,0,0,0,0,0,0,0,0,0,0,0,0,0,0,0,0,0,0,0,0,0,0,0,0.00000174541319660204,0.000024509747131366196,0.00018105545105466517,0.001290958285462535,0.004386632117402623,0.012332193376052925,0.029520832241201472,0.0590896012918277,0.09932376647614267,0.14193437423461722,0.17278628239027405,0.1767525087059839,0.14518365889875842,0.09617918676741494,0.04611809792630431,0.01298013331686504,0.0017599454199926504,0.00015065802645746515,0.000003859913859431607,0,0,0,0,0,0,0,0,0,0,0,0,0,0,0,0,0,5.830951894845301
35,0,0,0,0,0,0,0,0,0,0,0,0,0,0,0,0,0,0,0,0,0,0,0,0,0,0,0,0,0,0,0.010802469135802469,0.08641975308641975,0.12808641975308643,0.3503086419753087,0.37654320987654327,0.047839506172839504,0,0,0,0,0,0,0,0,0,0,0,0,0,0,0,0,0,0,0,0,0,0,0,0,0,0,0,0,0,0,0,0,0,0,0,0,0,0,0,0,0.0008168533760097547,0.007585067062947722,0.023088610730071638,0.07601737540009144,0.15013193491845755,0.23979766803840885,0.2941791457094955,0.17460657674135036,0.03178345526596555,0.001993312757201646,0,0,0,0,0,0,0,0,0,0,0,0,0,0,0,0,0,0,0,0,0,0,0,0,0,0,0,0,0,0,0,0,0,0,0,0.000022690371555826516,0.0002901126077494961,0.0014582036740673,0.0056725928889566285,0.017617838662946587,0.04015614724282659,0.08351646602115755,0.14267496150795664,0.18250528471763558,0.22214603637797983,0.19512201333849852,0.08708062945251682,0.019674448515921806,0.0019795199220139204,0.00008305469821673528,0,0,0,0,0,0,0,0,0,0,0,0,0,0,0,0,0,0,0,0,0,0,0,0,0,0,0,0,2.18176649575255e-7,0.000005912785096142085,0.00005658740403269313,0.00048008827626171033,0.001919305369464843,0.006074337484178088,0.016444566413601997,0.03728511263375258,0.07020130526694553,0.11177803197871161,0.1531160400414572,0.17650780725556206,0.167717186633626,0.13311102435888292,0.08108454304032926,0.03361545868382459,0.008961688477927445,0.0015347688832365626,0.00010362102785683532,0.000002395808602405824,0,0,0,0,0,0,0,0,0,0,0,0,0,0,0,0,5.916079783099616
36,0,0,0,0,0,0,0,0,0,0,0,0,0,0,0,0,0,0,0,0,0,0,0,0,0,0,0,0,0,0,0,0.010802469135802469,0.08641975308641975,0.12808641975308643,0.3503086419753087,0.37654320987654327,0.047839506172839504,0,0,0,0,0,0,0,0,0,0,0,0,0,0,0,0,0,0,0,0,0,0,0,0,0,0,0,0,0,0,0,0,0,0,0,0,0,0,0,0,0.0008168533760097547,0.00851861377838744,0.023088610730071638,0.08301897576588933,0.16033902987349494,0.2476256477671087,0.28389822435604334,0.15899110272824266,0.03170962886755068,0.001993312757201646,0,0,0,0,0,0,0,0,0,0,0,0,0,0,0,0,0,0,0,0,0,0,0,0,0,0,0,0,0,0,0,0,0,0,0,0.000022690371555826516,0.00031604446095615505,0.0016558568766335301,0.0062040415234240484,0.01884659174301569,0.04438973176232167,0.09684535036579787,0.1378900163952819,0.1951701173672148,0.22823106921793757,0.1697011124588618,0.08099265281799861,0.01767522611870367,0.0019764438220799675,0.00008305469821673528,0,0,0,0,0,0,0,0,0,0,0,0,0,0,0,0,0,0,0,0,0,0,0,0,0,0,0,0,6.043146881092377e-7,0.000011101035717674284,0.0001222236969748107,0.0006265835483148648,0.0023883516597629204,0.0076881193732352806,0.020591484858879572,0.044245675199171004,0.07932586316740915,0.12351067328905263,0.16065924493977524,0.17422531628553195,0.1625392165707383,0.12095272819724369,0.0663455507341348,0.027484562484158787,0.00810051723670976,0.0011130584624516168,0.0000667291374475338,0.000002395808602405824,0,0,0,0,0,0,0,0,0,0,0,0,0,0,0,6
37,0,0,0,0,0,0,0,0,0,0,0,0,0,0,0,0,0,0,0,0,0,0,0,0,0,0,0,0,0,0,0,0,0.021604938271604937,0.09722222222222221,0.15895061728395057,0.3873456790123457,0.33487654320987653,0,0,0,0,0,0,0,0,0,0,0,0,0,0,0,0,0,0,0,0,0,0,0,0,0,0,0,0,0,0,0,0,0,0,0,0,0,0,0,0,0,0.0018670934308794391,0.010502400548696842,0.03534141137021795,0.10252581542447796,0.18890984606005182,0.2576565119646395,0.2609620294162476,0.1282817024843774,0.01395318930041152,0,0,0,0,0,0,0,0,0,0,0,0,0,0,0,0,0,0,0,0,0,0,0,0,0,0,0,0,0,0,0,0,0,0,0,0,0.000051863706413317756,0.0005218785457840098,0.0024451576586112093,0.00857688326996788,0.025143963681998564,0.06748671080726741,0.09660582251251786,0.16059919736504147,0.2159812454486951,0.20480118780236178,0.14984041105339066,0.05743275932206019,0.009931535938373216,0.0005813828875171469,0,0,0,0,0,0,0,0,0,0,0,0,0,0,0,0,0,0,0,0,0,0,0,0,0,0,0,0,5.54099427492711e-8,0.0000024484268452334177,0.000035137407132785167,0.00022840332958918924,0.0010275929134350083,0.0039367703477386886,0.012268337704708525,0.02905556788563422,0.05706201860407148,0.09777032613842236,0.1393886449561337,0.1662628072998579,0.17293970414075735,0.14803530074051932,0.0968400168643252,0.05054574489207248,0.02006573813015029,0.004164113190627036,0.0003545009578196628,0.000016770660216840772,0,0,0,0,0,0,0,0,0,0,0,0,0,0,0,6.082762530298219
38,0,0,0,0,0,0,0,0,0,0,0,0,0,0,0,0,0,0,0,0,0,0,0,0,0,0,0,0,0,0,0,0,0,0.021604938271604937,0.09722222222222221,0.15895061728395057,0.3873456790123457,0.33487654320987653,0,0,0,0,0,0,0,0,0,0,0,0,0,0,0,0,0,0,0,0,0,0,0,0,0,0,0,0,0,0,0,0,0,0,0,0,0,0,0,0,0,0.0018670934308794391,0.01221945968602347,0.038299230300259106,0.11526444139612864,0.1858710562414266,0.26713486892242044,0.2655321216278006,0.1138117283950617,0,0,0,0,0,0,0,0,0,0,0,0,0,0,0,0,0,0,0,0,0,0,0,0,0,0,0,0,0,0,0,0,0,0,0,0,0,0.00006050765748220403,0.0005948118829277378,0.0027152039513793622,0.010057788341038798,0.04024529901367226,0.05777793301608269,0.10950626898141091,0.1759573815284763,0.20848893547802105,0.20713791018193936,0.13424162956823993,0.04847417504953513,0.0047421553497942375,0,0,0,0,0,0,0,0,0,0,0,0,0,0,0,0,0,0,0,0,0,0,0,0,0,0,0,0,0,1.9393479962244884e-7,0.000005149084367356743,0.00005074837517730878,0.00030313374993671963,0.001534624521724367,0.006059937218670903,0.016172968165374214,0.03543910087207327,0.06822628757946984,0.10867524758694674,0.14570677786042605,0.17046159906347766,0.16900246878062283,0.1335326254321979,0.08502792852128087,0.04383202228400219,0.013879329136562778,0.0019530648901067487,0.00013679294278252612,0,0,0,0,0,0,0,0,0,0,0,0,0,0,0,6.164414002968976
39,0,0,0,0,0,0,0,0,0,0,0,0,0,0,0,0,0,0,0,0,0,0,0,0,0,0,0,0,0,0,0,0,0,0,0.021604938271604937,0.09722222222222221,0.15895061728395057,0.3873456790123457,0.33487654320987653,0,0,0,0,0,0,0,0,0,0,0,0,0,0,0,0,0,0,0,0,0,0,0,0,0,0,0,0,0,0,0,0,0,0,0,0,0,0,0,0,0,0.0029173334857491226,0.013052983539094648,0.05094735939643347,0.11374980948026213,0.20103166438042985,0.27183356195701874,0.24879496265813136,0.09767232510288065,0,0,0,0,0,0,0,0,0,0,0,0,0,0,0,0,0,0,0,0,0,0,0,0,0,0,0,0,0,0,0,0,0,0,0,0,0,0.00009454321481594378,0.0007336553469717236,0.0035469637328038287,0.02145388963685527,0.033155142251209455,0.06893591771593648,0.12279477813623713,0.1772380534421977,0.21384053347996299,0.19278426559227654,0.12656803918497067,0.03885421826576232,0,0,0,0,0,0,0,0,0,0,0,0,0,0,0,0,0,0,0,0,0,0,0,0,0,0,0,0,0,0,5.050385406834607e-7,0.000008995746486653793,0.00007907639036611044,0.0005740358224137752,0.002895829586660011,0.008663422798901614,0.02087185380370855,0.04449808435638669,0.07855650118922439,0.11787709592014478,0.15338156468147066,0.17231384138109188,0.15972452502127787,0.12080270499981462,0.07674573524569148,0.03368898672372758,0.008196446536426476,0.0011207947576662208,0,0,0,0,0,0,0,0,0,0,0,0,0,0,0,6.244997998398398
40,0,0,0,0,0,0,0,0,0,0,0,0,0,0,0,0,0,0,0,0,0,0,0,0,0,0,0,0,0,0,0,0,0,0,0,0.032407407407407406,0.09722222222222221,0.1898148148148148,0.39351851851851855,0.28703703703703703,0,0,0,0,0,0,0,0,0,0,0,0,0,0,0,0,0,0,0,0,0,0,0,0,0,0,0,0,0,0,0,0,0,0,0,0,0,0,0,0,0.0003500800182898948,0.003950903063557384,0.021169124371284875,0.05665580704160952,0.13047267946959307,0.21111968449931415,0.26704675354366714,0.22551583219021487,0.08371913580246913,0,0,0,0,0,0,0,0,0,0,0,0,0,0,0,0,0,0,0,0,0,0,0,0,0,0,0,0,0,0,0,0,0,0,0,0,0.000011345185777913256,0.0001653155641924503,0.0012371544712865582,0.011094930163931649,0.018196189552320958,0.04289575051016953,0.08073551732459483,0.1322626719440634,0.18722497020482987,0.20799737691366496,0.18817674198546977,0.10558395490397805,0.024418081275720163,0,0,0,0,0,0,0,0,0,0,0,0,0,0,0,0,0,0,0,0,0,0,0,0,0,0,0,0,0,6.060462488201525e-8,0.0000015748544665769395,0.000020470705083289154,0.0002278055583158753,0.0014191583935551208,0.004675049739243975,0.01220543452132771,0.028232418637334847,0.054491724957728534,0.09055423068615547,0.1293917381012214,0.16204546141560636,0.16937294392784966,0.1475587324798171,0.11130998750229874,0.060623695284553004,0.021810693005012868,0.005706635761250925,0.0003521838645536562,0,0,0,0,0,0,0,0,0,0,0,0,0,0,6.324555320336759
41,0,0,0,0,0,0,0,0,0,0,0,0,0,0,0,0,0,0,0,0,0,0,0,0,0,0,0,0,0,0,0,0,0,0,0,0,0.09722222222222221,0.032407407407407406,0.2546296296296297,0.3287037037037037,0.28703703703703703,0,0,0,0,0,0,0,0,0,0,0,0,0,0,0,0,0,0,0,0,0,0,0,0,0,0,0,0,0,0,0,0,0,0,0,0,0,0,0,0,0.0010502400548696843,0.010688157293095565,0.026184556470050305,0.07773919753086421,0.1366526634659351,0.20488968907178784,0.26486768404206673,0.20616855281207133,0.07175925925925926,0,0,0,0,0,0,0,0,0,0,0,0,0,0,0,0,0,0,0,0,0,0,0,0,0,0,0,0,0,0,0,0,0,0,0,0,0.000034035557333739776,0.0005076887944757743,0.005937203635963353,0.00991235165921523,0.026619510385442597,0.052375364368998624,0.09197049272637976,0.14441852582177514,0.18579491449897545,0.2080693841131942,0.16871405924528785,0.0847166852423411,0.020929783950617283,0,0,0,0,0,0,0,0,0,0,0,0,0,0,0,0,0,0,0,0,0,0,0,0,0,0,0,0,0,2.1817664957525497e-7,0.00000612099643713616,0.00010469235153627298,0.0007443254361002226,0.0026185198561032284,0.007272739255705649,0.017832985823375197,0.03680663813084581,0.0665302525752325,0.10302472029417108,0.14235802356167362,0.16329922752622814,0.16046828508513697,0.1415457273354133,0.09238211096347863,0.04411697999428766,0.017430469340794386,0.0031560914129273505,0.0003018718839031339,0,0,0,0,0,0,0,0,0,0,0,0,0,6.4031242374328485
42,0,0,0,0,0,0,0,0,0,0,0,0,0,0,0,0,0,0,0,0,0,0,0,0,0,0,0,0,0,0,0,0,0,0,0,0,0.032407407407407406,0.06481481481481481,0.06481481481481481,0.22222222222222224,0.3287037037037037,0.28703703703703703,0,0,0,0,0,0,0,0,0,0,0,0,0,0,0,0,0,0,0,0,0,0,0,0,0,0,0,0,0,0,0,0,0,0,0,0,0,0,0,0.0003500800182898948,0.0052512002743484235,0.013488797439414725,0.039044638774577055,0.08322616598079563,0.14055355509830822,0.19894547325102882,0.2628815157750344,0.1844993141289438,0.07175925925925926,0,0,0,0,0,0,0,0,0,0,0,0,0,0,0,0,0,0,0,0,0,0,0,0,0,0,0,0,0,0,0,0,0,0,0,0.000011345185777913256,0.00023176593803451369,0.0030336299090585783,0.005597873429270606,0.015393399443682365,0.03229415400768853,0.06102648197894967,0.10119283878643164,0.14728905628164746,0.18890848992997344,0.1945173777815882,0.15383506309378656,0.07872870941929584,0.017939814814814815,0,0,0,0,0,0,0,0,0,0,0,0,0,0,0,0,0,0,0,0,0,0,0,0,0,0,0,0,7.272554985841832e-8,0.000002574830777130191,0.00005156361634072412,0.00039049058141566996,0.0014491528769072961,0.004217060712693494,0.010867511750786561,0.023717113130357986,0.04613291541548755,0.07682465653180139,0.11711351180667255,0.14559315575606893,0.15919258430552677,0.1620332147404506,0.12467580828086415,0.07415091010169438,0.03885611665704707,0.011784844644129891,0.0029467415354278784,0,0,0,0,0,0,0,0,0,0,0,0,0,6.48074069840786
43,0,0,0,0,0,0,0,0,0,0,0,0,0,0,0,0,0,0,0,0,0,0,0,0,0,0,0,0,0,0,0,0,0,0,0,0,0,0.043209876543209874,0.05401234567901234,0.08641975308641975,0.23148148148148148,0.34567901234567905,0.23919753086419757,0,0,0,0,0,0,0,0,0,0,0,0,0,0,0,0,0,0,0,0,0,0,0,0,0,0,0,0,0,0,0,0,0,0,0,0,0,0,0,0.0015670248437738156,0.005851337448559671,0.017308718183203786,0.045615188233501004,0.10065634049687551,0.13832209266880047,0.22161494055784178,0.23757573159579334,0.1716892432556013,0.05979938271604939,0,0,0,0,0,0,0,0,0,0,0,0,0,0,0,0,0,0,0,0,0,0,0,0,0,0,0,0,0,0,0,0,0,0,0,0.00005803795717680796,0.0012774194066227484,0.0028123932736653736,0.008362239852354259,0.01824994963575449,0.03876722748268386,0.06945684807321038,0.11099813334758703,0.15884846651015824,0.18843242211976496,0.18356613125328125,0.14496448394553677,0.060363797439414724,0.013842449702789207,0,0,0,0,0,0,0,0,0,0,0,0,0,0,0,0,0,0,0,0,0,0,0,0,0,0,0,0,4.960509160410935e-7,0.000019069960813093376,0.00017241010413581806,0.0007122451229612066,0.0022328329598103863,0.006195827847522838,0.01459820382240952,0.030875264765810036,0.05542104005683257,0.09321882864494314,0.12427266185178497,0.14890845689085272,0.1692365313689055,0.1484481288791615,0.10312127362127556,0.06501795296562973,0.026479675638229578,0.009871195146802784,0.0011979043012029125,0,0,0,0,0,0,0,0,0,0,0,0,6.557438524302
44,0,0,0,0,0,0,0,0,0,0,0,0,0,0,0,0,0,0,0,0,0,0,0,0,0,0,0,0,0,0,0,0,0,0,0,0,0,0,0.043209876543209874,0.05401234567901234,0.08641975308641975,0.23148148148148148,0.34567901234567905,0.23919753086419757,0,0,0,0,0,0,0,0,0,0,0,0,0,0,0,0,0,0,0,0,0,0,0,0,0,0,0,0,0,0,0,0,0,0,0,0,0,0,0.00013336381649138847,0.0014336610272824267,0.006118065081542449,0.01784217344916934,0.0573797820454199,0.09330227861606465,0.14905073540618805,0.2104742988873647,0.2420053155006859,0.1724275072397501,0.04983281893004115,0,0,0,0,0,0,0,0,0,0,0,0,0,0,0,0,0,0,0,0,0,0,0,0,0,0,0,0,0,0,0,0,0,0,0.000004939400610792166,0.0003843691609228494,0.0010432168446262143,0.0039054341168633954,0.008761405164213901,0.020824005804501344,0.04242856921088134,0.07376109468760407,0.11897549686841997,0.16650407438807882,0.17807140088810425,0.1970242117951476,0.12278947489584924,0.0539869320218519,0.011535374752324338,0,0,0,0,0,0,0,0,0,0,0,0,0,0,0,0,0,0,0,0,0,0,0,0,0,0,0,4.2217099237539883e-8,0.0000051323106091775455,0.00005810024035544036,0.00028211115993895567,0.0009871295730455238,0.0030104599423031266,0.007848343412729856,0.0184023778649971,0.03614628980831029,0.06837298878356467,0.09789517949893013,0.12974736452638586,0.16436001778615053,0.16399248652771883,0.13117350734086866,0.09724259764434913,0.04959633602038158,0.0238721688792965,0.006175488476018777,0.0008318779869464667,0,0,0,0,0,0,0,0,0,0,0,6.6332495807108
45,0,0,0,0,0,0,0,0,0,0,0,0,0,0,0,0,0,0,0,0,0,0,0,0,0,0,0,0,0,0,0,0,0,0,0,0,0,0,0,0.043209876543209874,0.05401234567901234,0.08641975308641975,0.23148148148148148,0.34567901234567905,0.23919753086419757,0,0,0,0,0,0,0,0,0,0,0,0,0,0,0,0,0,0,0,0,0,0,0,0,0,0,0,0,0,0,0,0,0,0,0,0,0,0,0.00013336381649138847,0.0015170134125895443,0.006534827008078038,0.02379115226337448,0.05539837677183356,0.09830104023776863,0.14651920438957475,0.21687576207895143,0.24307222603261702,0.15802421505868008,0.04983281893004115,0,0,0,0,0,0,0,0,0,0,0,0,0,0,0,0,0,0,0,0,0,0,0,0,0,0,0,0,0,0,0,0,0,0,0.00009199633637600414,0.00034376243670510926,0.0015852609344216945,0.004108114923622754,0.010212717933411239,0.02356514160908736,0.04494851248186535,0.08020837964021406,0.13636800845484262,0.15189093485918473,0.20336480348947486,0.1695407803970714,0.1129676201121103,0.051191154098008985,0.009612812293603619,0,0,0,0,0,0,0,0,0,0,0,0,0,0,0,0,0,0,0,0,0,0,0,0,0,0,0,0.0000012518477180439596,0.000017407962903391626,0.00010234334219036015,0.0004088033613561241,0.0013732725765648105,0.003961498889934169,0.010324036296366678,0.022275986549746395,0.04761591888488461,0.07261031613043305,0.10588141091935066,0.1478768630238155,0.16561356435372118,0.14866462666872393,0.1270163456538468,0.07772028058936684,0.044929849573281534,0.018107016254759634,0.004805975465247435,0.0006932316557887221,0,0,0,0,0,0,0,0,0,0,6.708203932499369
46,0,0,0,0,0,0,0,0,0,0,0,0,0,0,0,0,0,0,0,0,0,0,0,0,0,0,0,0,0,0,0,0,0,0,0,0,0,0,0,0,0.043209876543209874,0.05401234567901234,0.08641975308641975,0.2700617283950617,0.34567901234567905,0.2006172839506173,0,0,0,0,0,0,0,0,0,0,0,0,0,0,0,0,0,0,0,0,0,0,0,0,0,0,0,0,0,0,0,0,0,0,0,0,0,0,0.00020004572473708275,0.0018504229538180157,0.009502171925011432,0.024672306050906877,0.05958028501752782,0.10040866483767719,0.1587243750952599,0.22747342249657065,0.23164104176192657,0.1441519966468526,0.04179526748971193,0,0,0,0,0,0,0,0,0,0,0,0,0,0,0,0,0,0,0,0,0,0,0,0,0,0,0,0,0,0,0,0,0,0.000015975873850530912,0.00010488508484478992,0.0005928824295641473,0.0017578091923656617,0.004937879098996879,0.012261896634574672,0.02563930397494737,0.05055947311766499,0.10269785651182352,0.12397267082564199,0.1820034394104896,0.18296581032160678,0.1583521523026545,0.10601372318375886,0.0400618833393547,0.008062358697861101,0,0,0,0,0,0,0,0,0,0,0,0,0,0,0,0,0,0,0,0,0,0,0,0,0,0,2.6567088621748747e-7,0.0000047892495605742765,0.00003509114972522218,0.00016147242409119797,0.0006055305264320894,0.0019288810827757328,0.005584206055668811,0.013282125491230624,0.032224748185607575,0.05204383273677265,0.08267046942413359,0.1258948419064879,0.15654686795811565,0.15377723745500851,0.1478218752579484,0.10439324147992442,0.06924333578683343,0.035941352026031055,0.01371900876182548,0.0036556912922180323,0.00046513607872275585,0,0,0,0,0,0,0,0,0,6.782329983125268
47,0,0,0,0,0,0,0,0,0,0,0,0,0,0,0,0,0,0,0,0,0,0,0,0,0,0,0,0,0,0,0,0,0,0,0,0,0,0,0,0,0,0.05401234567901234,0.043209876543209874,0.14660493827160495,0.2716049382716049,0.324074074074074,0.16049382716049385,0,0,0,0,0,0,0,0,0,0,0,0,0,0,0,0,0,0,0,0,0,0,0,0,0,0,0,0,0,0,0,0,0,0,0,0,0,0,0.00025005715592135345,0.004300983081847279,0.00982129248590154,0.031249999999999997,0.06602937814357566,0.11428564624295078,0.1741088439262308,0.22731624371284864,0.22264612863892705,0.1252238606919677,0.0247675659198293,0,0,0,0,0,0,0,0,0,0,0,0,0,0,0,0,0,0,0,0,0,0,0,0,0,0,0,0,0,0,0,0,0.0000011576720181544142,0.000028015662839336816,0.00023495229244638633,0.0007150664419945015,0.0024118608062795306,0.0065387630929397604,0.014451737998667774,0.031150980453380522,0.0730250688693571,0.09755366923374376,0.1523235513796452,0.17220238597158477,0.176087128998092,0.15141366527516695,0.08566636953819895,0.03141793227046841,0.004777694043176948,0,0,0,0,0,0,0,0,0,0,0,0,0,0,0,0,0,0,0,0,0,0,0,0,0,4.10627254302634e-8,0.0000013004727698443407,0.000012287272597896507,0.00006480579755339185,0.00027293206237580025,0.0009623760527923047,0.0030637578757167125,0.007975374958818728,0.021829482399983825,0.03705916247414997,0.063236687162535,0.10346061742523527,0.1412225269249684,0.14899180426209396,0.15767439765454166,0.12490457494568279,0.09296752094095588,0.05652740982026289,0.02739396471484115,0.009836477224976372,0.0022668622996239772,0.00027563619479867003,0,0,0,0,0,0,0,0,6.855654600401044
48,0,0,0,0,0,0,0,0,0,0,0,0,0,0,0,0,0,0,0,0,0,0,0,0,0,0,0,0,0,0,0,0,0,0,0,0,0,0,0,0,0,0,0.05401234567901234,0.043209876543209874,0.14660493827160495,0.2716049382716049,0.324074074074074,0.16049382716049385,0,0,0,0,0,0,0,0,0,0,0,0,0,0,0,0,0,0,0,0,0,0,0,0,0,0,0,0,0,0,0,0,0,0,0,0,0,0,0.0010002286236854138,0.0038175392470659966,0.010504782045419903,0.031166647614692886,0.06682956104252401,0.11540971269623533,0.17206075674439872,0.25596564929126653,0.22388450693491846,0.0995465630239293,0.01981405273586344,0,0,0,0,0,0,0,0,0,0,0,0,0,0,0,0,0,0,0,0,0,0,0,0,0,0,0,0,0,0,0,0,0.000004630688072617657,0.00006776240212930504,0.0002395058023844604,0.0008461920925841247,0.0028553925200539656,0.006606944462085159,0.015712023859421838,0.043965836371064715,0.06625057067717771,0.11351426181363504,0.14544550218180377,0.17364398164612815,0.18315896514147378,0.14167768402913017,0.07717626021750296,0.02501233086081051,0.0038221552345415574,0,0,0,0,0,0,0,0,0,0,0,0,0,0,0,0,0,0,0,0,0,0,0,0,4.947316316899205e-9,2.938705892238128e-7,0.0000033755657023448913,0.000020345967925818187,0.0000957043028382218,0.00038617837683095255,0.0013807652635681048,0.00402518310143021,0.012919029682493298,0.02332327414243596,0.043395069529134966,0.07717193243279831,0.11817461342948125,0.1352024269422116,0.1589444349349015,0.1419734752548932,0.11968413963441658,0.08297834617211299,0.04926303155269144,0.021724901981479233,0.007369807680894,0.001798283516975303,0.000165381716879202,0,0,0,0,0,0,0,6.928203230275509
49,0,0,0,0,0,0,0,0,0,0,0,0,0,0,0,0,0,0,0,0,0,0,0,0,0,0,0,0,0,0,0,0,0,0,0,0,0,0,0,0,0,0,0,0.05401234567901234,0.043209876543209874,0.14660493827160495,0.2716049382716049,0.324074074074074,0.16049382716049385,0,0,0,0,0,0,0,0,0,0,0,0,0,0,0,0,0,0,0,0,0,0,0,0,0,0,0,0,0,0,0,0,0,0,0,0,0,0,0.0013336381649138851,0.0037341868617588782,0.01133830589849108,0.03216687623837829,0.06899672306050905,0.11265908398110043,0.20923592059137328,0.25846622085048016,0.19271071483005645,0.08954427678707515,0.01981405273586344,0,0,0,0,0,0,0,0,0,0,0,0,0,0,0,0,0,0,0,0,0,0,0,0,0,0,0,0,0,0,0,0,0.000012348501526980416,0.00007779555961997664,0.0002630451334202668,0.0010846394519805583,0.0028619857378335504,0.007335406823146877,0.024472943903932894,0.04122252855326366,0.07768520591302704,0.11209667221408398,0.14992614861057013,0.18182241258319357,0.17549934767570616,0.1310242715971763,0.06826060536353047,0.02329691819035414,0.0030577241876332457,0,0,0,0,0,0,0,0,0,0,0,0,0,0,0,0,0,0,0,0,0,0,0,0,3.957853053519364e-8,6.95262853068235e-7,0.000005534539205066012,0.00002998646163214731,0.00014150773523253097,0.000584889780909056,0.001927180531136733,0.007328297380394711,0.014066360570753092,0.0284340160466071,0.054564704399148616,0.09323489867486139,0.1149704645515076,0.14829927726316972,0.14729630999756685,0.1401163146491442,0.10768063405537744,0.0762713307271552,0.03932188843254178,0.017817000066671352,0.006528214440794637,0.0012481494813038321,0.00013230537350336158,0,0,0,0,0,0,7
50,0,0,0,0,0,0,0,0,0,0,0,0,0,0,0,0,0,0,0,0,0,0,0,0,0,0,0,0,0,0,0,0,0,0,0,0,0,0,0,0,0,0,0,0,0.05401234567901234,0.043209876543209874,0.14660493827160495,0.2716049382716049,0.324074074074074,0.16049382716049385,0,0,0,0,0,0,0,0,0,0,0,0,0,0,0,0,0,0,0,0,0,0,0,0,0,0,0,0,0,0,0,0,0,0,0,0,0,0,0.0013336381649138851,0.0037341868617588782,0.01133830589849108,0.03384344993141289,0.0685775796372504,0.13943901463191585,0.2113316377076665,0.23671601127876848,0.18432784636488342,0.08954427678707515,0.01981405273586344,0,0,0,0,0,0,0,0,0,0,0,0,0,0,0,0,0,0,0,0,0,0,0,0,0,0,0,0,0,0,0,0,0.000012348501526980416,0.00007779555961997664,0.0003155372903577255,0.0010554330407796914,0.0030602122636849624,0.012196240092973633,0.02329123640959203,0.04755626241906438,0.07843294075682906,0.11656279077780977,0.15649133602671786,0.1764983487995374,0.1694298019147468,0.12450887510325699,0.0676108389736584,0.01984227788221082,0.0030577241876332457,0,0,0,0,0,0,0,0,0,0,0,0,0,0,0,0,0,0,0,0,0,0,0,0,5.2771374046924854e-8,9.47246164142301e-7,0.0000073611944031862795,0.00004285459039328376,0.00021731684133735152,0.0008359048315039579,0.0038649429222977582,0.007914483689963106,0.017410364731228877,0.03602561750531396,0.06861388775611366,0.09117050655196778,0.12828505493119202,0.1409591003691658,0.15148353753690516,0.12731523154179605,0.10574574088387305,0.06246928293950432,0.03480308587183544,0.016782039751129116,0.0048282439151399225,0.001136238045062355,0.00008820358233557438,0,0,0,0,0,7.0710678118654755